锘縜rea_name_hebrew,alerts_since_oct7_2023
转诇 讗讘讬讘,2725
讬专讜砖诇讬诐,2337
讞讬驻讛,1960
讗砖讚讜讚,1923
专讗砖讜谉 诇爪讬讜谉,1423
专诪转 讙谉,1391
讛专爪诇讬讛,1214
诪讜讚讬注讬谉,1191
注讻讜,1184
讘讗专 砖讘注,1184
爪驻转,1123
拽专讬讬转 砖诪讜谞讛,1092
诪砖讙讘 注诐,916
讗砖拽诇讜谉,885
诪讟讜诇讛,881
诪专讙诇讬讜转,880
谞转谞讬讛,852
讞讚专讛,846
砖诇讜诪讬,774
讻驻专 讙诇注讚讬,769
转诇 讞讬,742
讞讜诇讜谉,718
讗讝讜专,702
讗讜专 讬讛讜讚讛,698
诪砖诪专 讛砖讘注讛,694
讘讬转 讚讙谉,688
讙谞讜转,688
讞诪讚,686
讘谞讬 讘专拽,681
驻转讞 转拽讜讜讛,681
拽专讬讬转 讗讜谞讜,681
诪拽讜讜讛 讬砖专讗诇,679
住讘讬讜谉,678
爪驻专讬讛,676
讙讘注转讬讬诐,675
讙讘注转 砖诪讜讗诇,674
谞住 爪讬讜谞讛,672
讻驻专 讞讘''讚,672
驻讗专拽 转注砖讬讜转 驻诇诪讞讬诐,670
讙谞讬 转拽讜讜讛,670
讗讞讬注讝专,665
诪讙砖讬诪讬诐,663
讘讗专 讬注拽讘,662
诪谞专讛,662
诇讜讚,661
讙谉 砖讜专拽,660
谞讟注讬诐,660
转注砖讬讜谉 爪专讬驻讬谉,659
诪注砖,659
讬讙诇,659
讘讗专讜转 讬爪讞拽,657
谞讞诇讬诐,657
讘谞讬 注讟专讜转,657
讙转 专讬诪讜谉,656
诪讝讜专,656
谞讜驻讱,656
讝讬转谉,655
专讬谞转讬讛,655
谞讬专 爪讘讬,652
讘讬转 讞谞谉,651
讘讬转 注专讬祝,650
讗诇注讚,650
讟讬专转 讬讛讜讚讛,649
讻驻专 讟专讜诪谉,649
讬讛讜讚 诪讜谞讜住讜谉,649
专讞讜讘讜转,648
专诪诇讛,646
讻驻专 住讬专拽讬谉,646
讻驻专 讬讜讘诇,646
谞讞砖讜谞讬诐,646
讘讬转 谞讞诪讬讛,645
讘专拽转,645
讙讘注转 讻''讞,645
砖讜讛诐,645
讞讚讬讚,644
讗讬讬专驻讜专讟 住讬讟讬,643
讙讘注转 讛砖诇讜砖讛,642
讗讬专讜住,641
谞爪专 住专谞讬,639
讘讬转 注讜讘讚,639
专讗砖 讛注讬谉,639
讙讬谞转讜谉,639
注讬谞转,637
讘转 讬诐,637
讘爪转,634
讬砖专砖,633
讘谉 砖诪谉,633
讻驻专 谞讜注专 讘谉 砖诪谉,633
讘讬转 注诇诪讬谉 诪讜专砖讛,631
专诪转 讛砖专讜谉,627
讗讞讬住诪讱,627
注讬讬谞讜转,625
讗讝讜专 转注砖讬讬讛 谞砖专,623
讗讝讜专 转注砖讬讬讛 讗驻拽 讜诇讘 讛讗专抓,620
诪爪诇讬讞,619
诪转讞诐 驻讬 讙诇讬诇讜转,618
注讜驻专讬诐,618
讻驻专 讚谞讬讗诇,616
注专讘 讗诇 注专讗诪砖讛,616
讘讬转 讛诇诇,615
住转专讬讛,611
讙诪讝讜,611
讘讬转 讗专讬讛,611
诪讘讜讗 诪讜讚讬注讬诐,610
谞讗讜转 拽讚讜诪讬诐,609
谞注谉,607
讞谞讬转讛,607
讙讬讘转讜谉,604
讬讚 专诪讘''诐,604
谞讬诇讬,603
讙谞讬 讛讚专,600
专诪讜转 诪讗讬专,598
讘讬转 讞砖诪讜谞讗讬,598
讻驻专 砖诪讜讗诇,598
诪讜讚讬注讬谉 诪讻讘讬诐 专注讜转,598
注讝专讬讛,597
讙讝专,597
讙谉 砖诇诪讛,596
讻驻专 讘讬诇''讜,596
讘讬转 注讜讝讬讗诇,595
讬爪讬抓,593
驻讚讜讗诇,593
注诇讬 讝讛讘,592
拽专讬讬转 注拽专讜谉,591
讞砖诪讜谞讗讬诐,591
讙讗诇讬讛,590
诪砖诪专 讗讬讬诇讜谉,590
砖讬诇转,590
驻转讞讬讛,589
驻讚讬讛,589
诇驻讬讚,589
谞注诇讛,589
诇讬诪谉,587
讻驻专 讘谉 谞讜谉,586
诪转转讬讛讜,586
讻驻专 讛讗讜专谞讬诐,586
讻驻专 砖诪专讬讛讜,585
讬注专讛,585
谞讛专讬讛,585
讙谞讬 讬讜讞谞谉,584
驻诇诪讞讬诐,582
讛讜讚 讛砖专讜谉,582
诪讜讚讬注讬谉 注讬诇讬转,582
诪讝讻专转 讘转讬讛,581
讻专诪讬 讬讜住祝,581
谞讜祝 讗讬讬诇讜谉,578
砖注诇讘讬诐,576
转讞谞转 专讻讘转 专讗砖 讛注讬谉,576
讻驻专 专讜转,575
讞讜诇讚讛,574
注讚谞讬诐,574
讬专拽讜谞讛,573
谞讜讜讛 讬专拽,572
讻驻专 拽讗住诐,572
诪专讻讝 讗讝讜专讬 讚专讜诐 讛砖专讜谉,572
谞爪专 讞讝谞讬,571
讘专讜讻讬谉,571
诪注讬讬谉 讘专讜讱,571
诪讘讜讗 讞讜专讜谉,571
讝专注讬转,570
诪砖诪专 讚讜讚,569
讬讘谞讛,564
讬住讜讚讜转,563
讘专拽谉,563
诪诇讻讬讛,563
讗讝讜专 转注砖讬讬讛 讗专讬讗诇,563
拽专讬讬转 谞讟驻讬诐,561
讗讝讜专 转注砖讬讬讛 讘专拽谉,561
讞讙讜专,559
讙谞讬 注诐,558
讙'诇讙'讜诇讬讛,558
讻驻专 讘专讗,557
讻驻专 住讘讗,555
讗诇讬砖诪注,555
讙讘注转 讞谉,554
砖讚讬 讞诪讚,554
讗讜专谞讬转,554
讞讜专砖讬诐,554
专讘讘讛,552
讬专讞讬讘,551
诪转谉,551
谞讬专讬转,549
讻驻专 诪诇''诇,548
专诪讜转 讛砖讘讬诐,548
讗诇拽谞讛,547
诪爪讜讘讛,546
砖注专讬 转拽讜讜讛,546
谞讜讜讛 讬诪讬谉,544
谞讞诇讬讗诇,544
讙讘注转 讘专谞专,542
专讗砖 讛谞拽专讛,542
谞专讬讛,541
注抓 讗驻专讬诐,540
讻专诐 专注讬诐,539
专注谞谞讛,538
讻驻专 讛谞讙讬讚,537
砖转讜诇讛,537
讚讜诇讘,537
讞专砖讛,536
讟诇诪讜谉,535
讗专讬讗诇,533
诪讬谞讬 讬砖专讗诇,533
讘拽讜注,531
讘讬转 讞讜专讜谉,530
谞讞砖讜谉,526
讗诇驻讬 诪谞砖讛,526
诇讟专讜谉,525
讘讬转 讙诪诇讬讗诇,524
驻讗专拽 讗专讬讗诇 砖专讜谉,524
爪讜驻讬转,523
拽爪专讬谉,523
注讟专转,522
谞讜讜讛 砖诇讜诐,521
砖讜诪专讛,521
讗讝讜专 转注砖讬讬讛 讞讘诇 诪讜讚讬注讬谉 砖讜讛诐,518
讘讬转 讗诇注讝专讬,517
讛专讗诇,515
讙谉 讞讬讬诐,515
讗讬讝讜专 转注砖讬讬讛 诪讬诇讜讗讜转 爪驻讜谉,515
爪诇驻讜谉,513
专砖驻讜谉,513
谞讬专 讗诇讬讛讜,513
诪住讬诇转 爪讬讜谉,512
讛讙讜砖专讬诐,512
讙讬讝讜,511
谞讜驻讬 谞讞诪讬讛,511
讟诇 砖讞专,510
诪注诇讛 诇讘讜谞讛,509
诪注诇讛 讛讞诪讬砖讛,508
谞讟祝,508
转注讜讝,507
讘讬转 讘专诇,507
讞讜讜转 注讜诇诐 讞住讚,507
讘谉 讝讻讗讬,506
讞讜讜转 讬讗讬专,506
讻驻专 讗讜专讬讛,504
拽专讬讬转 讬注专讬诐,504
谞讜讜讛 讗讬诇谉,504
讬驻转讞,504
讞讜讜转 讗讘讬讞讬,504
砖讚讛 讜专讘讜专讙,503
专讞诇讬诐,503
诪注讜谉 爪讜驻讬讛,502
讗砖转讗讜诇,502
砖讜专砖,502
拽专讬讬转 注谞讘讬诐,502
讬讚 讛砖诪讜谞讛,502
谞讜驻讬诐,502
讘讬转 诪讗讬专,501
砖讜讗讘讛,501
拽专谞讬 砖讜诪专讜谉,501
专讟讜专谞讜,500
转专讜诐,500
讞讜讜转 爪专讬讚讛,500
拽讚专讜谉,499
讛专 讗讚专,498
专诪讜转 谞驻转诇讬,498
讗讘讬讘讬诐,498
讙讘注转 讬注专讬诐,497
讘讬转 谞拽讜驻讛,497
讙砖专 讛讝讬讜,497
讗专住讜祝,497
讬拽讬专,497
讞讜讜转 砖讞专讬转,497
讘谞讬讛,496
专诪转 专讝讬讗诇,495
爪讜讘讛,495
爪讜驻讬诐,495
讻驻专 讛谞讜注专 拽专讬讬转 讬注专讬诐,495
讗讝讜专 转注砖讬讬讛 讛讚专讜诪讬 讗砖拽诇讜谉,494
转讬专讜砖,494
讗讝讜专 转注砖讬讬讛 讛专 讟讜讘,494
谞讞诐,493
讻住诇讜谉,493
讘爪专讛,493
讙驻谉,491
讻讜讻讘 讬注拽讘,491
爪专注讛,490
讙讘注 讘谞讬诪讬谉,490
注诇讬,490
讘讬转 讗诇,490
转诇 爪讬讜谉,490
讗讘讜 讙讜砖,490
"讞讜讜转 谞讜祝 讗讘""讬",490
讞讜讜转 砖讜讘讬讗诇,490
讙讚专讛,489
讘讬转 砖诪砖,488
注讬谉 专讗驻讛,488
讬砖注讬,488
砖驻讬讬诐,488
讗讬讬诇,487
讗讚诪讬转,486
谞讜讜讛 爪讜祝,486
诪讻讬谞转 讗诇讬砖注,486
讞爪讘,485
讬讚 讘谞讬诪讬谉,485
讘谞讬 爪讬讜谉,485
讞讜讜转 诪讙谞讝讬,485
诪讘讜讗 讘讬转专,484
注讬谉 谞拽讜讘讗,484
驻住讙讜转,484
诪转讞诐 讙诇讬诇讜转,484
诪讞住讬讛,483
注诪谞讜讗诇,483
讙讘注转 讗住祝,483
讘讬转 讞诇拽讬讛,482
爪讜专 讛讚住讛,482
讝谞讜讞,482
讞讜讜转 谞讜讜讛 爪讜祝,482
讘谞讬 注讬''砖,481
讻驻专 诪专讚讻讬,480
注砖专转,480
砖讚诪讛,480
诪讙专讜谉,480
讗讝讜专 转注砖讬讬讛 砖注专 讘谞讬诪讬谉,480
讻驻专 讗讘讬讘,479
谞住 讛专讬诐,479
讗讝讜专 转注砖讬讬讛 讻谞讜转,478
讘,477
讚,477
讛,477
专诪转 讛讻讜讘砖,477
讘专 讙讬讜专讗,476
砖讬诇讛,476
讙谉 讬讘谞讛,475
诪砖讙讘 讚讘,475
砖讘讜转 专讞诇,474
讘讬爪专讜谉,473
讞驻抓 讞讬讬诐,473
诪讟注,473
讗讝讜专 转注砖讬讬讛 讘专讜砖,473
注驻专讛,473
讗讞讬讛,473
讻谞讜转,472
讻专诐 讘讬讘谞讛,472
诪讬砖专,472
谞讜讜讛 诪讘讟讞,472
讙谞讬 讟诇,471
注诪讬讞讬,471
讞专讜爪讬诐,471
注讚讬 注讚,471
诪注诇讛 诪讻诪砖,470
讙注砖,470
拽讬讚讛,470
砖讚讜转 诪讬讻讛,469
讜,468
讝,468
讗砖讚讜讚 -讬讗,468
讬讘,468
讟讜,468
讬讝,468
诪专讬谞讛,468
讘谞讬 专讗诐,468
讙讜驻谞讛,468
讙讘注转 讜讜砖讬谞讙讟讜谉,467
讙谉 讛讚专讜诐,467
专讘讚讬诐,467
讻驻专 讛专讬''祝 讜爪讜诪转 专讗诐,466
讝讻专讬讛,466
讗讝讜专 转注砖讬讬讛 专讘讚讬诐,466
拽讘讜爪转 讬讘谞讛,465
驻讗专拽 转注砖讬讬讛 专讗诐,465
诪转讞诐 讘谞讬 讚专讜诐,465
谞讬专 讙诇讬诐,464
讘谞讬 讚专讜诐,464
讻讜讻讘 讬讗讬专,464
专讬诪讜谞讬诐,464
讗讘讬注讝专,463
讻讜讻讘 讛砖讞专,462
诪砖诪专转,462
砖转讜诇讬诐,461
讟,461
讬,461
讬讙,461
讬讚,461
讟讝,461
谞转讬讘 讛诇''讛,461
讻驻专 诪住专讬拽,461
讗讬诇讜谉,460
讟讬专讛,460
讙讘注转 讬砖注讬讛讜,459
讻驻专 转驻讜讞,459
砖专讬讙讬诐,459
谞讜讜讛 诪讬讻讗诇,458
注'讙'专,458
砖讚讛 讗驻专讬诐,458
转诇诪讬 讬讞讬讗诇,457
注讙讜专,457
讬拽讜诐,457
讗讝讜专 转注砖讬讬讛 讙讚专讛,457
讙讘注讜转 注讚谉,456
讻驻专 诪谞讞诐,456
转讞谞转 专讻讘转 拽专讬讬转 诪诇讗讻讬,456
诪住讜祝 讗讜专谞讬转,455
讻驻专 讗讞讬诐,454
讗讚专转,453
讬专讗讜谉,453
讗讘谉 诪谞讞诐,453
讞爪讜专,452
讞专讜转,452
讬谞讜谉,452
住注专,451
讬讘讜讗 讚讜讚讬,451
讻驻专 讛住,449
讙讘注转 讛专讜讗讛,449
讗讞讜讜讛,448
注专讜讙讜转,447
爪讜专 讬爪讞拽,447
爪驻专讬专讬诐,446
拽专讬讬转 诪诇讗讻讬,446
讙讜专谉,446
讘讬转 讬讛讜砖注,446
转诇 讬爪讞拽,446
讚讜专讜转 注讬诇讬转,446
讗讜专讜转,445
讗讝讜专 转注砖讬讬讛 讘讗专 讟讜讘讬讛,445
诪讻讜谉 讜讬谞讙讬讬讟,445
讚讬砖讜谉,444
讙讘注转 讛专讗诇,444
讞讜讜转 谞讞诇 砖讬诇讛,444
讗诇 注讝讬,443
爪讜专 谞转谉,443
注讬谉 讛诪驻专抓,443
讻驻专 注讘讜讚讛,442
诇讜讝讬转,441
讬爪讛专,441
讗讜讚讬诐,441
转诇 诪讜谞讚,441
讘谞讬 讚专讜专,440
讚讜讘''讘,439
转讬诪讜专讬诐,437
讗讝讜专 转注砖讬讬讛 转讬诪讜专讬诐,437
住诇注讬转,436
砖讗专 讬砖讜讘,436
讗讘谉 讬讛讜讚讛,435
讞讜讜转 讙诇注讚,435
拽专讬讬转 讘讬讗诇讬拽,434
讗讝讜专 转注砖讬讬讛 注讚 讛诇讜诐,432
注讝专讬讗诇,432
注讬谉 讜专讚,432
砖讚讛 注讜讝讬讛讜,431
讚驻谞讛,431
讟讬讬讘讛,431
讻驻专 谞讟专,431
注讬谉 砖专讬讚,431
专诪转 诪讙专讜谉,431
讘讗专 讟讜讘讬讛,430
谞讞讜砖讛,429
讞讜讜转 讞谞讬谞讗,428
注讝专讬拽诐,427
诪专讻讝 讗讝讜专讬 诪讘讜讗讜转 讞专诪讜谉,427
讗砖 拽讜讚砖,426
讞讜讜转 谞讞诇转 爪讘讬,426
注讘讚讜谉,425
讗注讬专讛 讛砖讞专,425
讞讜讜转 讘谞讬讛讜,425
讞讜讜转 诪注诇讛 讗讛讜讘讬讛,425
讻驻专 讜专讘讜专讙,424
讗讝讜专 转注砖讬讬讛 砖注专 谞注诪谉,424
谞讜讜讛 讗专讝,424
讞讜讜转 讬谞讜谉,424
诪爪驻讛 讚谞讬,424
讘讬转 注讝专讗,423
讛专 讘专讻讛,423
讛讞讜讜讛 砖诇 讝讜讛专,423
讞讜讜转 诪诇讻讬讗诇,423
讙讜专谞讜转 讛讙诇讬诇,422
拽讚讜诪讬诐,422
拽讚讬诪讛 爪讜专谉,422
讘讬转专 注讬诇讬转,421
讘讬转 谞讬专,420
诪讙讚诇讬诐,420
讘谞讬 讗讚诐,420
讗诪讜谞讬诐,419
讗讘讬讙讚讜专,418
讬注祝,418
讞讜祝 讘爪转,417
驻讜专转,417
讙讘注转讬,415
讙'讚讬讚讛 诪讻专,415
讘讬专讬讛,414
爪讜专 诪砖讛,412
拽诇谞住讜讜讛,412
注讝专,411
讚诇转讜谉,411
讙讗讜诇讬诐,410
讗讬转诪专,408
驻专讚住讬讛,407
讗讝讜专 转注砖讬讬讛 拽专讬讬转 讘讬讗诇讬拽,407
讗讝讜专 转注砖讬讬讛 讘专讗讜谉,407
讗讘讬转专,407
拽讚诪讛,406
讛专 讙讬诇讛,406
拽专讬讬转 讬诐,406
拽讬讘讜抓 讚谉,406
拽专讬讬转 诪讜爪拽讬谉,406
砖注专 讗驻专讬诐,406
讬谞讜讘,405
讻驻专 讬讜谞讛,404
讻驻专 讝讜讛专讬诐,403
住讬讟讬,403
讙谞讜转 讛讚专,402
诪砖讜讗讜转 讬爪讞拽,401
砖驻讬专,401
讘谉 注诪讬,401
谞讜专讚讬讛,401
注讬谉 爪讜专讬诐,400
讗讝讜专 转注砖讬讬讛 讻驻专 讬讜谞讛,400
砖讘讬 砖讜诪专讜谉,400
诪注诇讜转 转专砖讬讞讗,399
砖谞讬专,399
转谞讜讘讜转,399
诪专讻讝 砖驻讬专讗,398
讙讘注讜转,398
专讗砖 爪讜专讬诐,398
讝讘讚讬讗诇,397
讜专讚讜谉,397
讘讬转 讬爪讞拽,397
谞讟讜注讛,396
诪注讜谞讛,396
谞讞诇讛,395
讝专讞讬讛,395
住讙讜诇讛,395
谞讜讜讛 讚谞讬讗诇,394
讻讘专讬,394
讛诪专讻讝 讛讗拽讚诪讬 专讜驻讬谉,394
讘讜专讙转讛,394
讞谞讬讗诇,394
讙诇讗讜谉,393
诪谞讜讞讛,393
诪注讬诇讬讗,393
砖讜砖谞转 讛注诪拽讬诐,393
谞讬专 讘谞讬诐,391
诪注诇讛 讗驻专讬诐,391
讙讬转讬转,391
讗诇讜诪讛,390
讘讬转 讙讜讘专讬谉,390
讗驻专转,390
讘转 注讬谉,390
讗讘讬讞讬诇,390
谞讬爪谞讬 注讜讝,390
谞转讬讘 讛注砖专讛,389
拽专讬讬转 讙转,389
讻专诪讬 讙转,389
讻驻专 讬讚讬讚讬讛,389
讘讗专讜转讬讬诐,389
拽讜诪诪讬讜转,388
专讜讜讞讛,388
驻住讜讟讛,388
拽讚讬转讗,388
讛讚专 注诐,388
讻驻专 诪讜谞砖,388
讗讘谞讬 讞驻抓,388
讻驻专 注爪讬讜谉,387
讙讘注转 砖驻讬专讗,387
诪讘讜讗讜转 讬专讬讞讜,387
讬讚 谞转谉,386
讗诇注讝专,386
讘转 讞谉,386
砖讚讛 讬讜讗讘,385
谞讙讘讛,385
讘讬转谉 讗讛专谉,385
讬讬讟''讘,385
讗诇讜谉 诪讜专讛,385
讙转,384
注讜爪诐,384
拽专讬讬转 讗转讗,384
讞讘爪诇转 讛砖专讜谉 讜爪讜拽讬 讬诐,384
讻驻专 讞讬讬诐,384
注谞讘,383
讬讚 讞谞讛,383
谞注诪讛,382
讞讜讜转 诪讙讚诇讬诐,382
谞注讜专讬诐,381
讙诇讙诇,381
讗讝讜专 转注砖讬讬讛 拽专讬讬转 讙转,380
讗诇讜谉 砖讘讜转,380
讗讘讬专讬诐,380
注讜诇砖,380
爪讜诪转 讛讙讜砖,380
砖讞专,379
讘讬转 讛注诇诪讬谉 讛讞讚砖 注讻讜,379
谞转讬讘 讛讙讚讜讚,379
诪讻讜专讛,379
讘讬转 讛诇讜讬,379
砖讚讛 诪砖讛,377
诪砖诪专 讛砖专讜谉,377
讗讝讜专 转注砖讬讬讛 专诪转 讚诇转讜谉,376
讙谉 讬讗砖讬讛,376
转讜诪专,376
讛注讜讙谉,376
讞讜讜转 砖讚讛,376
谞讛讜专讛,375
诇讻讬砖,375
讗讘谉 砖诪讜讗诇,375
讗讬转谉,375
诪注讘专讜转,375
讘转 讞驻专,375
驻爪讗诇,375
谞讜讙讛,374
讘讬转 讞专讜转,374
驻讗专拽 转注砖讬讜转 诪讙讚诇 注讜讝,374
注诇诪讜谉,373
讻专诪讬 爪讜专,373
讘讬转 讬谞讗讬,373
谞注专谉,373
讞诪专讛,373
谞讬专 讞''谉,372
谞讜注诐,372
诪讙讚诇 注讜讝,372
砖拽讚,372
讘专注诐,372
专讬讞谉,371
诪讝专注讛,371
谞讜讜讛 讝讬讜,371
讗讝讜专 转注砖讬讬讛 砖讞拽,371
讗诪抓,371
讘讞谉,371
讞讬谞谞讬转,370
注诪讜拽讛,370
诇讜讞诪讬 讛讙讟讗讜转,370
讞讜驻讬转,370
讗专讙诪谉,370
砖诇讜讜讛,370
讻专诐 讘谉 讝诪专讛,369
诪谞讜转,369
讻驻专 讜讬转拽讬谉,369
讗诇讬砖讬讘,369
讝讜讛专,368
讟诇 诪谞砖讛,368
诪注诇讛 讞讘专,368
讬驻讬转,368
注讜讝讛,367
诪注诇讛 讗讚讜诪讬诐,367
专讙讘讛,367
诪砖讜讗讛,367
讙讗讜诇讬 转讬诪谉,367
诪讘讜讗 讚讜转谉,366
讗讞讜讝诐,366
讛诪注驻讬诇,366
讞爪讜专 讛讙诇讬诇讬转,365
讗驻拽,365
讞讙诇讛,365
砖讚专讜转,364
讗讬讘讬诐,364
砖讚讛 讚讜讚,364
转诇诪讬诐,364
讻驻专 讛专讗''讛,364
讙讘注转 讞讬讬诐 诪讗讜讞讚,364
谞讬专 注诐,363
讻专诪讬讗诇,363
诪讙'讚诇 讻专讜诐,362
讻驻专 讘讬讗诇讬拽,362
讝诪专,362
砖讚讛 讘专,362
讞专诪砖,362
讗讞讬讟讜讘,362
注讬谉 讛讞讜专砖,362
讙讘注转 讞讬讬诐 讗讬讞讜讚,362
讙'砖,361
谞转讬讘 讛砖讬讬专讛,361
讗讝讜专 转注砖讬讬讛 爪驻讜谞讬 讗砖拽诇讜谉,360
讗诇讬讻讬谉,360
转拽讜注,359
讗诇讜谉,359
"讘讬转 讞讙""讬",359
讗讝讜专 转注砖讬讬讛 注诪拽 讞驻专,359
讞讬讘转 爪讬讜谉,359
讞专讘 诇讗转,359
诪诇讗讻讬 讛砖诇讜诐,359
住讗住讗,358
砖讘讬 爪讬讜谉,358
讘拽注讜转,358
讻驻专 讗诇讚讚,358
诪注诇讛 专讞讘注诐,358
谞讜拽讚讬诐,358
专讜注讬,358
诪讻诪讜专转,358
讞讜讜转 专讗砖 转讗谞讛,358
谞讜驻讬 驻专转,357
讞讜讜转 讗诇讞讬,357
讗讝讜专 转注砖讬讬讛 诪讬砖讜专 讗讚讜诪讬诐,356
讙讘注转 驻讜专转 讬讜住祝,356
讞讜讜转 讛专砖讗砖,356
讞讜讜转 驻专讬讗诇,356
讗讚讜专讛,355
讻驻专 讗讚讜诪讬诐,355
讞讜讜转 诪专讜诐 砖诪讜讗诇,355
讻驻专 讜专讚讬诐,354
转诇诐,354
讬注讘抓,354
讙讘注转 讝讗讘,353
讞诪讚转,353
讘讜住转谉 讛讙诇讬诇,352
诪讬爪讚,352
驻谞讬 拽讚诐,352
注转谞讬讗诇,352
诪爪驻讜专 驻爪讗诇,352
讘注谞讛,351
讙讘注讜谉 讛讞讚砖讛,351
注讬谞讜转 拽讚诐,351
诪讘砖专转 爪讬讜谉,350
诪讜爪讗 注讬诇讬转,350
注讘专讜谉,350
讛讞讜讜讛 砖诇 讬讗讬讗,350
讗讜专 讛讙谞讜讝,349
住驻住讜驻讛,349
诪讘拽讬注讬诐,348
专讗砖 驻讬谞讛,348
诪注诇讛 注诪讜住,348
讛讬讬砖讜讘 讛讬讛讜讚讬 讞讘专讜谉,348
讚讬专 讗诇-讗住讚,347
诪爪驻讛 讬专讬讞讜,347
讗讘谉 住驻讬专,346
讛讬诇讛,346
讟诪专讛,346
讞讜讜转 注讚谉,346
砖讜诪专讬讛,345
诪砖讻讬讜转,344
讞讜讜转 讙谞讜转,344
谞讬爪谉,343
注诪讬谞讚讘,343
驻谞讬诪讬讬转 注讬谉 讻专诐,343
讻驻专 讘诇讜诐,343
讬谞讜讞 讙'转,343
讘专 讬讜讞讗讬,341
诪讬专讜谉,341
讬专讻讗,341
砖讬讬讞' 讚谞讜谉,340
讞讜诪砖,340
讘讬转 讝讬转,339
砖驻专注诐,339
专讜转诐,339
砖诇讜诪爪讬讜谉,339
讻诇讬诇,338
讗讜专讛,337
谞砖专,337
诪讞讜诇讛,337
砖讚诪讜转 诪讞讜诇讛,337
诪转转,336
诇讘讜谉,336
讗讬讬诇转 讛砖讞专,336
爪讜专讬转 讙讬诇讜谉,336
谞住 注诪讬诐,336
讻住专讗 住诪讬注,336
砖讚讛 谞讞诪讬讛,335
谞讞祝,335
讗讜砖讛,334
诪专讻讝 讗讝讜专讬 诪专讜诐 讙诇讬诇,333
专诪转 讬讜讞谞谉,332
讛讚专 讜注讬专 转讞转讬转,332
转讜讘诇,332
讗讝讜专 转注砖讬讬讛 讻专诪讬讗诇,331
爪讘注讜谉,331
讻驻专 讛诪讻讘讬,331
讘讗专 讙谞讬诐,330
专讬讞讗谞讬讬讛,330
讞讜专驻讬砖,329
谞讙讜讛讜转,329
谞讗讜转 诪专讚讻讬,328
讗注讘诇讬谉,328
诪讙讚诇 转驻谉,328
讗诇拽讜砖,327
注诪讬专,326
讞讜祝 讗讻讝讬讘,326
讞讜讜转 讗诇 谞讜讜讛,326
讻讬住讜驻讬诐,325
讗诇讬讗讘,325
谞讟注,325
讞讜讜转 讗讘讬讛,325
讗讘讜 转诇讜诇,324
讘讬转 讛注诪拽,324
诪爪驻讛 讞讙讬转,324
讞专诪砖 讚专讜诐,324
讗讘讜 住谞讗谉,323
注诪拽讛,323
砖拽祝,323
讬住注讜专,323
讻讬砖讜专,323
专讗住 注诇讬,322
讘谞讬 讚拽诇讬诐,322
讗讞讬讛讜讚,322
诇驻讬讚讜转,322
砖讚讛 讗诇讬注讝专,321
讻讗讘讜诇,321
住讻谞讬谉,321
注诇诪讛,320
讻驻专 讞住讬讚讬诐,320
拽专讬讬转 讟讘注讜谉,320
讻驻专 住讗诇讚,319
讘住诪转 讟讘注讜谉,319
讛讞讜讜讛 砖诇 诪谞讞诐,319
谞讬爪谞讬诐,318
谞讜驻讬转,318
讗砖讞专,318
讘讬专 讗诇诪讻住讜专,317
注住驻讬讗,317
讟诇,317
砖讻谞讬讛,316
注专讘 讗诇 谞注讬诐,316
专讻住讬诐,315
砖讜专砖讬诐,315
讻讗讜讻讘 讗讘讜 讗诇讛讬讙'讗,315
诪专讻讝 讗讝讜专讬 诪砖讙讘,315
讙'讜诇讬住,315
诪爪驻讛 讗讘讬''讘,315
讗讝讜专 转注砖讬讬讛 讘专-诇讘,315
驻诇讱,315
讘转 讛讚专,314
注讬谉 讬注拽讘,314
拽讜专谞讬转,314
讗讝讜专 转注砖讬讬讛 转专讚讬讜谉,314
注讚讬,314
讘讬转 注诇诪讬谉 转诇 专讙讘,314
讬讙讜专,314
讗砖讘诇,314
讛讞讜讜讛 砖诇 讗讜专讬 讻讛谉,314
讞讜讜转 讛专讜注讛 讛注讘专讬,314
诪讻诪谞讬诐,314
讻驻专 住讬诇讘专,313
砖注专 讛注诪拽讬诐,313
诪谞讜祝,313
讻驻专 诪谞讚讗,313
讛专讚讜祝,313
住讜讗注讚 讞诪讬专讛,313
讬住讜讚 讛诪注诇讛,313
讞讜住谞讬讬讛,313
讛讞讜讜讛 砖诇 注砖讛讗诇,313
诪讜专砖转,312
讬讜讚驻转,312
讙讬转讛,312
讗诇讬驻诇讟,311
砖注讘,311
讚诪讬讬讚讛,311
讻注讘讬讛 讟讘讗砖,311
讻驻专 讬讗住讬祝,311
讛专 讞诇讜抓,311
讻住讬讬驻讛,310
专拽驻转,310
砖注诇,310
讻驻专 砖诪讗讬,310
讬讜讘诇讬诐,310
注爪诪讜谉,310
讞讜讜转 讬讚 讛砖讜诪专,310
讘专讻讬讛,309
讞讜住谉,309
讗讬讘讟讬谉,309
讗砖专转,309
诪注诇讛 爪讘讬讛,309
谞讬专 讬砖专讗诇,308
诪砖注谉,308
讘讬转 住讜讛专 拽讬砖讜谉,308
讘讬转 砖拽诪讛,307
讚诇讬转 讗诇 讻专诪诇,307
讗讜专谞讬诐,307
讬注讚,307
讘转专讜谞讜转,307
讛讜讚讬讛,305
讙注转讜谉,305
讗诇讜谞讬诐,305
讛住讜诇诇讬诐,305
讻驻专 转拽讜讜讛,305
砖讚讛 讘讜注讝,305
讞讜讜转 注诪讬讗诇,305
讘专 讻讜讻讘讗,305
讗诇讜谉 讛讙诇讬诇,304
讞讙'讗讙'专讛,304
讘讬转 住驻专 砖讚讛 诪讬专讜谉,304
讞讜讜转 拽砖讜讗诇讛,304
讞专砖讬诐,303
拽讚专,303
讞谞转讜谉,303
讞讜讜转 讗专抓 讛讗讬讬诇讬诐,303
拽讚专 讚专讜诐,303
讗诇 驻讜专注讛,302
讜讗讚讬 讗诇 谞注诐 讚专讜诐,302
讗讝讜专 转注砖讬讬讛 爪.讞.专,302
讗诇讜谞讬 讗讘讗,302
注专讗讘讛,302
讟讬专转 讻专诪诇,302
讻诪讜谉,302
注专注专讛 讘谞讙讘,301
转诇 注专讚,301
讙讬讗讛,301
住讗讙'讜专,301
注诪讬注讚,301
讙讘注转 讜讜诇驻住讜谉,301
谞讞诇 注讜讝,300
讝专讝讬专,300
诪谞讞转 诪讞谞讬讬诐,300
诪专注讬转,299
诪讞谞讬讬诐,299
爪讬驻讜专讬,299
砖诪砖讬转,299
讘讬转 诇讞诐 讛讙诇讬诇讬转,299
讞讜讜转 爪讗谉 拽讚专,299
砖讝讜专,298
注讬诇讜讟,298
砖讚讛 讬注拽讘,298
诇讜讟诐 讜讞诪讚讜谉,298
讻驻专 讙诇讬诐,298
住诇诪讛,298
讞讜讜转 讗砖讻讜诇讜转,298
诪注'讗专,297
讘讜注讬讬谞讛-谞讜讙'讬讚讗转,297
讚讬专 讞谞讗,297
专诪转 讬砖讬,296
讟讜专注讗谉,296
讙讚讜转,296
讙讘注转 讗诇讛,296
专讜诪转 讗诇 讛讬讬讘,296
讛讞讜转专讬诐,296
讛讙讘注讛 讛爪讛讜讘讛,296
讞讜诇转讛,295
转讞谞转 专讻讘转 讻驻专 讬讛讜砖讜注,295
讘讬转 讛注诇诪讬谉 讛讞讚砖 谞讛专讬讛,295
砖驻专,294
注讜讝讬讬专,294
讛讜砖注讬讛,294
专讜诪讗谞讛,294
诪讙讚讬诐,294
注讜讝 讜讙讗讜谉,294
讬讞讬注诐,293
讘讬转 讙'讗谉,293
讗转专 讛讛谞爪讞讛 讙讜诇谞讬,293
诪砖诪专 讛讬专讚谉,293
讘讬转 讗讜专谉,293
注转诇讬转,293
讝讬拽讬诐,292
诪住讚,292
讟驻讞讜转,292
讞讝讜谉,292
诪爪驻讛 谞讟讜驻讛,291
讗讘讟诇讬讜谉,291
专讬讬谞讛,291
讗诪讬专讬诐,291
爪讜专讬讗诇,291
讛专 注诪砖讗,291
转诇 砖讘注,290
讻讜专讝讬诐 讜专讚 讛讙诇讬诇,290
注讬诇讘讜谉,290
转诪专转,290
讘讬转 专讬诪讜谉,290
谞讛诇诇,290
专讗住 讗诇-注讬谉,290
讛讜讚讬讜转,289
专讗诪讛,289
讘讬转 爪讘讬,289
谞爪专转,288
砖诪讬专,288
诪砖讛讚,288
讛专专讬转 讬讞讚,288
诪讜专谉,288
讗讬诇谞讬讛,287
讻驻专 讻谞讗,287
讻驻专 讬讛讜砖注,287
讻驻专 讛讞讜专砖,287
讗讝讜专 转注砖讬讬讛 谞讬专 注爪讬讜谉,287
讗驻拽讛,287
砖讙讘 砖诇讜诐,286
诇讛讘讜转 讛讘砖谉,286
诪谞砖讬转 讝讘讚讛,286
驻拽讬注讬谉,286
讘讬转 讬转讬专,286
诇讘讬讗,286
讗讝讜专 转注砖讬讬讛 爪讬驻讜专讬转,286
注讬谉 讛讜讚,286
讘讬转 讛讘专讻讛,286
转诇诪讬 讬驻讛,285
讗讘讜 拽专讬谞讗转,285
谞讬专 注爪讬讜谉,285
谞讘讟讬诐,284
讞爪专讬诐,284
讟讜讘讗 讝谞讙专讬讛,284
讙讘注转 讗讘谞讬,284
谞讜祝 讛讙诇讬诇,284
谞讘讬 砖讜注讬讬讘,284
注讬谉 讞讜讚,284
谞讜讜讛 讬诐,284
注讬谉 讻专诪诇,284
讞讜讜转 诪讚讘专 讞讘专,284
讻讜讻讘 诪讬讻讗诇,283
讘讬转 砖注专讬诐,283
驻专讜讚,283
讞讜讜转 诪诇讗讻讬 讗讘专讛诐,283
"诪爪驻讛 讝讬""讜",283
讻驻专 谞讛专 讛讬专讚谉,282
讗讚讜专讬诐,282
注专讚,281
注讬谉 讗诇 讗住讚,281
砖谞讬 诇讬讘谞讛,281
讻驻专 讝讬转讬诐,281
讟讘专讬讛,280
讘讬转 住讜讛专 爪诇诪讜谉,280
讜讗讚讬 讗诇 讞诪讗诐,280
专诪转 讚讜讚,280
诪讙讚诇 讛注诪拽,280
住讜住讬讗,280
诪讙讚诇,280
诇拽讬讛,278
讗讝讜专 转注砖讬讬讛 拽讚诪转 讙诇讬诇,278
讻诇谞讬转,278
诇讘 讛讞讜诇讛,278
讬驻注转,278
转拽讜注 讚' 讜讛',278
砖讚讛 讗讬诇谉,277
讗专讘诇,277
讬驻讬注,276
讗讝讜专 转注砖讬讬讛 诪讬转专讬诐,276
拽专讬转 讗专讘注,276
讗诪谞讜谉,275
专讘讬讚,275
讙讜谞谉,275
住注讜讜讛,275
讞讜讜转 谞讞诇转 讗讘讜转,275
讞诇抓,274
讞讬专谉,274
讻驻专 讛谞砖讬讗,274
砖诪注讛,274
讙讘转,274
讞讜讜转 转诇诐 爪驻讜谉,274
注讬谉 诪讗讛诇,273
砖专讬讚,273
讗讝讜专 转注砖讬讬讛 讬拽谞注诐 注讬诇讬转,273
讻驻专 讞谞谞讬讛,273
注砖讛讗诇,273
讻专诪讬 拽讟讬祝 讜讗诪爪讬讛,273
讙讬谞讜住专,272
讟谞讗 注讜诪专讬诐,272
讗诇 住讬讬讚,271
拽讚专讬诐,271
诪爪驻讛,271
诇讘谞讬诐,271
讻专诪诇,271
讻讞诇,271
注讜诪专,270
讗讜诐 讘讟讬谉,270
讻驻专 讞讬讟讬诐,270
讗讬讘讬 讛谞讞诇,270
讞讜拽讜拽,269
诪注讜谉,269
诪讟讜讜讞 谞讬专 注诐,268
讗转专 讚讜讚讗讬诐,268
讘讬转 拽砖转,267
驻拽讬注讬谉 讛讞讚砖讛,267
诪讙'讚诇 砖诪住,266
讻专讻讜诐,265
讻驻专 讘专讜讱,265
讬拽谞注诐 注讬诇讬转,265
讙讘注 讻专诪诇,265
讞讜专讛,263
讗讻住讗诇,263
讙谞讬讙专,263
讬拽谞注诐 讛诪讜砖讘讛 讜讛讝讜专注,263
诪讝专注,262
转讞谞转 专讻讘转 讻驻专 讘专讜讱,262
讻专诐 诪讛专''诇,261
讛讬讜讙讘,260
讻讚讜专讬,260
爪专讜驻讛,260
讻专诪讬讛,259
讛讝讜专注讬诐,259
讚讘讜专讬讛,259
讻驻专 讻诪讗,259
诪专讻讝 诪讬专''讘,259
讻驻专 讙讚注讜谉,258
转诇 注讚砖讬诐,257
拽讚诪转 爪讘讬,257
讻驻专 讛谞讜拽讚讬诐,257
砖诪专转,257
谞讬谉,256
讛讘讜谞讬诐,256
谞讬专讬诐,255
砖专讜谞讛,255
注驻讜诇讛,255
讗讞讜讝转 讘专拽,254
讚讘专转,254
讗讜驻拽讬诐,253
转诇诪讬 讗诇注讝专,253
驻讜专讬讛 谞讜讜讛 注讜讘讚,253
注讬谉 拽谞讬讬讗,253
讗讝讜专 转注砖讬讬讛 讗诇讜谉 讛转讘讜专,253
讗诇讬拽讬诐,253
讘转 砖诇诪讛,253
讻驻专 讞'讜讜讗诇讚,253
讻驻专 转讘讜专,252
诪讬转专,252
砖讚诪讜转 讚讘讜专讛,252
住讜诇诐,251
专诪转 讟专讗诪驻,251
注讬谉 讛注诪拽,251
注讬谉 讚讜专,251
讻驻专 拽讬砖,250
诪住注讚讛,250
讘诇驻讜专讬讛,250
诪专讞讘讬讛 诪讜砖讘,250
谞讜讜讛 讗讟讬''讘,250
讘转讬 诪诇讜谉 讬诐 讛诪诇讞,250
诪诇讜谞讜转 讬诐 讛诪诇讞 诪专讻讝,250
注讜驻专,249
讚讞讬,249
驻讟讬砖,248
谞转讬讘讜转,248
讚讬诪讜谞讛,248
讻驻专 诪爪专,248
讻专诪讬诐,248
诪专讞讘讬讛 拽讬讘讜抓,248
注讬谉 讘讜拽拽,248
诪专讞爪讗讜转 注讬谉 讙讚讬,248
注讬谉 讗讬讬诇讛,248
谞讜讜讛 讝讜讛专,247
讻专诪讬转,246
专诪转 诪讙砖讬诪讬诐,246
诪爪讚讛,246
诪讗讬专 砖驻讬讛,246
拽住专 讗-住专,246
驻讜专讬讬讚讬住,245
谞讗注讜专讛,245
转讗专讘讬谉,244
讙讝讬转,244
讟诪专讛 讘讙诇讘讜注,244
驻讜专讬讛 注讬诇讬转,243
讗诇讜诪讜转,243
注讬谉 讙讚讬,243
讻讬谞专转 诪讜砖讘讛,243
讗讝讜专 转注砖讬讬讛 诪讘讜讗 讻专诪诇,243
讚讜专,243
讬讘谞讗诇,243
驻讜专讬讛 讻驻专 注讘讜讚讛,242
讘讬转 讬专讞,242
讚讙谞讬讛 讗,242
讗讜专讟诇,242
专诪转 爪讘讬,242
讬砖讜讘讬 讗讜诪谉,242
讻讬谞专转 拽讘讜爪讛,242
讗讝讜专 转注砖讬讬讛 讚讬诪讜谞讛,241
讚讙谞讬讛 讘,241
专诪转 讛砖讜驻讟,241
谞讞砖讜诇讬诐,241
转驻专讞,239
讗砖诇 讛谞砖讬讗,239
讗讜讚诐,239
诪专讻讝 讞讘专,239
注讬谉 讛砖讜驻讟,239
讘讬转 讝专注,238
专诐 讗讜谉,238
爪诪讞,238
住讜驻讛,237
讙讬诇转,237
谞诪专讜讚,237
住谞住谞讛,237
讻驻专 讬讞讝拽讗诇,236
拽讘讜爪转 讙讘注,236
讗讝讜专 转注砖讬讬讛 诪讘讜讗讜转 讛讙诇讘讜注,236
讗诇 专讜诐,236
注讬谉 讛砖诇讜砖讛,235
讙讘注讜转 讘专,235
讗驻讬拽讬诐,235
讬讝专注讗诇,235
讬砖讜讘讬 讬注诇,235
专讛讟,234
讗诇诪讙讜专,234
讙讚注讜谞讛,234
讜专讚 讬专讬讞讜,234
讗讜专讬诐,233
诪讙谉 砖讗讜诇,233
诪讜拽讬讘诇讛,233
讞住驻讬谉,233
诪砖诪专 讛注诪拽,233
讚诇讬讛,233
诪砖诪专 讛谞讙讘,232
讘讜拽注转讗,232
讗讝讜专 转注砖讬讬讛 专讜转诐,232
讙诇注讚,232
专诪讜转 诪谞砖讛,232
诪转讞诐 住拽讬 讙诇讘讜注,232
谞讜专讬转,231
注讬谉 讞专讜讚,231
爪讗诇讬诐,230
讗讝讜专 转注砖讬讬讛 注讬讚谉 讛谞讙讘,230
诇讛讘,230
诪讚专讱 注讜讝,230
讝讻专讜谉 讬注拽讘,230
讞诪讚转 讬诪讬诐,230
讙谉 谞专,229
诇讛讘讬诐,229
讘讬转 讛注专讘讛,229
住谞讚诇讛,229
转诇 讬讜住祝,228
诪专讻讝 讗讝讜专讬 专诪转 讻讜专讝讬诐,228
讗讜诐 讗诇 驻讞诐,227
诪注诇讛 注讬专讜谉,227
注诪讬拽诐,227
讙讘注转 谞讬诇''讬,227
诪讜注讗讜讜讬讛,227
讻驻专 注讝讛,226
讗砖讻讜诇讜转,226
注专注专讛,226
讗诇诪讜讙,226
讞讚 谞住,225
讙讘注转 注讜讝,225
诪住诇讜诇,224
讘讟讞讛,224
拽讬讘讜抓 诪讙讬讚讜,224
诪注讬讬谉 爪讘讬,224
诪专讜诐 讙讜诇谉,223
讗讘讬讗诇,223
讻驻专 拽专注,223
专讙讘讬诐,222
讻专诐 砖诇讜诐,221
讘讬转 讛讙讚讬,221
拽专讬讬转 讞讬谞讜讱 诪专讞讘讬诐,221
注讬谉 讝讬讜讜谉,221
诪讬 注诪讬,221
讗诇 注专讬讗谉,221
讘专讟注讛,221
注讬谉 讗诇 住讛诇讛,221
拽爪讬专,221
讘专讜砖,220
诪讗讜专,220
讗讘谞讬 讗讬转谉,220
谞讜讘,220
讙讘注转 注讚讛,220
讘讗拽讛 讗诇 讙专讘讬讬讛,219
诪注诇讛 讙诪诇讗,219
驻专讚住 讞谞讛 讻专讻讜专,219
驻讚讜讬讬诐,218
转讗砖讜专,218
注讬谉 砖诪专,218
砖注专 诪谞砖讛,218
讗诇讜谞讬 讬爪讞拽,218
讞专讬砖,218
讬诪讬谉 讗讜专讚,218
讙讘注转 讞讘讬讘讛,217
诪注谞讬转,217
讻驻专 讙诇讬拽住讜谉,217
讘专拽讗讬,217
诪爪驻讛 讗讬诇谉,217
讗讜诐 讗诇 拽讜讟讜祝,216
讘谞讬诪讬谞讛,216
诪注讙谉 诪讬讻讗诇,216
拽讬住专讬讛,216
讗诇讬 注讚,215
讻驻专 讞专讜讘,215
讚讘讬专,215
诪专讻讝 讗讝讜专讬 诪讙讬诇讜转,215
讘讬转 讞谞谞讬讛,215
诪砖诪专讜转,215
诪驻诇住讬诐,214
讙谉 讛砖讜诪专讜谉,214
讘谞讬 讬讛讜讚讛 讜讙讘注转 讬讜讗讘,214
讬讜谞转谉,214
注讬谉 注讬专讜谉,214
诪注讙谉,213
注讬谉 讙讘,213
诪讘讜讗 讞诪讛,213
讗谞讬注诐,213
讞讜祝 拽诇讬讛,213
讗讜专 注拽讬讘讗,213
讻驻专 驻讬谞住,213
诪讙诇,213
谞讗讜转 讙讜诇谉,212
转诇 拽爪讬专,212
讻谞祝,212
专诪讜转,212
讞诪转 讙讚专,211
讛讗讜谉,211
讙砖讜专,211
诪讬爪专,211
谞讟讜专,211
谞讗讜转 讛讻讬讻专,211
砖讜讘诇,211
讗讝讜专 转注砖讬讬讛 拽讬住专讬讛,211
诪讬讬住专,211
讞讜讜转 讟诇讬讛,211
讞讜讜转 诪讜专 讜讗讘专讛诐,211
讞讜讜转 诪拽谞讛 讬讛讜讚讛,211
注讬谉 转诪专,210
讗诇讜谞讬 讛讘砖谉,210
讙'住专 讗-讝专拽讗,210
诇讛讘讜转 讞讘讬讘讛,210
诪爪专,210
诪转讞诐 砖讘讬诇 讛转驻讜讝讬诐,210
讞讜讜转 讟讜讗诪讬谉,210
讞讜讜转 诪谞讞诐,210
讬讚 诪专讚讻讬,209
专谞谉,209
讗讝讜专 转注砖讬讬讛 谞.注.诪,209
讙'转,209
讗驻讬拽,209
砖讚讜转 讬诐,209
讗砖讚讜转 讬注拽讘,209
讙讘讜诇讜转,208
砖注专 讛讙讜诇谉,208
拽诇讬讛,208
砖讚讛 讬爪讞拽,208
讙谉 砖诪讜讗诇,208
诪注讙诇讬诐,207
讙讘注讜诇讬诐,207
诪诇讬诇讜转,207
砖专砖专转,207
住注讚,206
砖讬讘讜诇讬诐,206
诪住讚讛,206
讗讝讜专 转注砖讬讬讛 讘谞讬 讬讛讜讚讛,206
诪爪驻讛 讬讗讬专,206
拽砖转,205
拽诇注 讗诇讜谉,205
讞讜讜转 讬讜讬讜,205
砖讬讘诇讬 讗讜诐 讗诇讙'谞诐,205
讗砖转诪讜注,204
谞讬专 注讜讝,203
转讚讛专,203
讞讜讜转 讚专讜诪讗,203
爪讜诪转 讗诇诪讜讙,202
讞讜诇讬转,201
讗讘讬讙讬诇,201
诪爪驻讛 砖诇诐,200
拽讚诐 注专讘讛,200
住讜住讬讗 讛拽讚讜诪讛,200
讗专讝,199
讘讬转 讞讙诇讛,199
讬讜砖讬讘讬讛,198
讗讘谞转,198
讘讬转 拽诪讛,198
讘专讜专 讞讬诇,197
诪爪讜拽讬 讚专讙讜转,196
诪爪驻讛 诪讚专讙,195
驻注诪讬 转砖''讝,194
诪讘讟讞讬诐,193
注诪讬注讜讝,193
讬砖注,193
讬专讜讞诐,193
砖讚讛 爪讘讬,193
转诇诪讬 讘讬诇''讜,192
谞讬专 注拽讬讘讗,192
专讜讞诪讛,190
注诇讜诪讬诐,188
讗砖讘讜诇,188
拽诇讞讬诐,188
谞讬专 讬爪讞拽,187
讚讜专讜转,187
诪讘讜注讬诐,186
讝诪专转,183
砖讜讘讛,183
注讬讚谉,183
讝专讜注讛,182
讗诇 注诪讗专谞讬,182
讗诇 诪住拽,182
注讬谉 讞爪讘讛,182
谞讬专 诪砖讛,181
诪砖讗讘讬 砖讚讛,181
专转诪讬诐,181
讘讬专 讛讚讗讙',181
讟诇诇讬诐,180
专讘讬讘讬诐,180
讞爪讘讛,179
砖讘讬 讚专讜诐,179
讙讘讬诐,178
诪讻诇诇转 住驻讬专,178
讟讬讬讘讛 讘讙诇讘讜注,176
转拽讜诪讛,174
讙砖专,174
诪讙谉,172
讟讬专转 爪讘讬,172
诪讜诇讚转,172
诪注讜讝 讞讬讬诐,172
讘讬转 砖讗谉,171
讻驻专 专讜驻讬谉,171
转诇 转讗讜诪讬诐,171
砖讚讬 转专讜诪讜转,170
"讘讬""住 讻专诪讬诐 讘谞讬诪讬谞讛",170
谞讜讛 讗讬转谉,169
注讬谉 讛谞爪讬''讘,169
专讞讜讘,169
砖诇讜讞讜转,169
砖诇驻讬诐,169
专注讬诐,168
诪谞讞诪讬讛,168
专砖驻讬诐,168
砖讚讛 讗诇讬讛讜,168
讘讗专讬,167
讗砖诇讬诐,166
讘讬转 讗诇驻讗 讜讞驻爪讬讘讛,166
讘讬转 讛砖讬讟讛,166
诪住讬诇讜转,166
讙谞讬 讞讜讙讛,166
讞诪讚讬讛,165
讻驻专 讙诪讬诇讛 诪诇讻讬砖讜注,165
谞讜讜讛 讗讜专,165
谞讬专 讚讜讚,165
砖讚讛 谞讞讜诐,165
专讜讜讬讛,165
爪讜讞专,164
讗讜讛讚,164
讻驻专 诪讬诪讜谉 讜转讜砖讬讛,164
谞诪诇 拽讬住专讬讛,164
讗讜专 讛谞专,163
砖讚讛 谞讬爪谉,163
讬专讚谞讛,162
诪注诇讛 讙诇讘讜注,162
诪讬专讘,161
讘讬转 讬讜住祝,160
转诇诪讬 讗诇讬讛讜,159
驻专讬 讙谉,157
讬转讚,157
注讬谉 讛讘砖讜专,156
诪专讞讘 注诐,156
砖讚讛 讘讜拽专,153
诪讚专砖转 讘谉 讙讜专讬讜谉,152
讚拽诇,152
讘谞讬 谞爪专讬诐,150
讙讘专注诐,150
砖讗谞讟讬 讘诪讚讘专,150
砖讜拽讚讛,150
转诇诪讬 讬讜住祝,149
讗讘砖诇讜诐,148
讬讘讜诇,146
谞讬爪谞讛,146
讘讗专 诪讬诇讻讛,145
讻诪讛讬谉,145
讞讜祝 讝讬拽讬诐,145
砖诇讜诪讬转,144
拽讚砖 讘专谞注,144
注讝讜讝,141
诪爪驻讛 专诪讜谉,140
谞讜讜讛,139
转注砖讬讜谉 讞爪讘,136
砖讚讬 讗讘专讛诐,133
讬讻讬谞讬,131
讗讝讜专 转注砖讬讬讛 专讙诪,128
讗讝讜专 转注砖讬讬讛 讞讘诇 诪讜讚讬注讬谉,127
砖注专 讛讙讬讗,127
讗讬诇转,126
讞谞讬讜谉 讛谞转讬讘 诪讛讬专,119
讞谞讬讜谉 专注讬诐 讗谞讚专讟转 讛谞讜讘讛,118
住讬谞诪讛 住讬讟讬 讙诇讬诇讜转,114
爪讜诪转 讛讗诇讛,102
诪驻注诇 讗讙专讬讙讚讛,100
"诪转讞诐 ""讞谞讛 讜住注"" 砖驻讬讬诐",97
谞讘讬 住诪讜讗诇,96
砖讜诪专转,95
讗讝讜专 转注砖讬讬讛 讞爪讜专 讛讙诇讬诇讬转,87
讗讬诇讜转,86
讗讝讜专 转注砖讬讬讛 砖讞讜专转,83
讗讝讜专 转注砖讬讬讛 讟诪专讛,79
讘讬转 住讜讛专 讛砖专讜谉,74
讗讚讜专讬讬诐,73
拽专讬讬转 讗专讘注,72
讞'讜讜讗诇讚,71
讞讜讜转 讗讬专讜讞 讙讜专谉,70
讗讝讜专 转注砖讬讬讛 讟讬专讛,70
讻注讘讬讛,69
讻诇讗 讚诪讜谉,69
讬注专讜转 讛讻专诪诇,68
讻驻专 讛谞讜注专 讬诪讬谉 讗讜专讚,68
讻驻专 讟讘讗砖,67
讞诇诪讬砖,66
住讬讟,65
讞讜讜讗诇讚,65
讻驻专 讬注讘抓,64
讗讝讜专 转注砖讬讬讛 讗讻讝讬讘 诪讬诇讜讗讜转,57
讗讘讜 谞讜讜专,57
讗讝讜专 转注砖讬讬讛 专讙讘讬诐,55
拽讬讚专,55
爪讜诪转 讘谞讬诪讬谞讛,55
诪转讞诐 爪讜诪转 砖讜拽转,54
讘讬转 住驻专 讗讜专讟 讘谞讬诪讬谞讛,52
专诪转 讛谞讚讬讘,52
讘转-讬诐,51
注讬谉 讻诪讜谞讬诐,51
注讬谞讘专,50
讗诪爪讬讛,49
讻驻专 谞讞讜诐,49
讘讗专 讗讜专讛,49
诪诇讜谉 驻专讗,49
讘讬转 住讜讛专 诪讙讬讚讜,49
讟讘讞讛,48
砖讘诇讬,48
专驻讟讬谞讙 谞讛专 讛讬专讚谉,47
讙讘注转 讛专讗诇 讜讙讘注转 讛专讜讗讛,47
讗讜诐 讗诇讙'谞诐,47
讘讬转 讞讝讜谉,47
拽诇注,46
讻专诪讬 拽讟讬祝,46
诪专讻讝 讬诪讬 拽讬住专讬讛,46
讞讜祝 讗诪谞讜谉,45
诪诇讜谉 讗讞讜讝转 讬专讚谉,44
诪爪讜拽 注讜专讘讬诐,42
讞讜祝 讙讜驻专讛,42
讞讜祝 住讜住讬转讗,42
讞讜祝 讻讬谞专,41
讚讜讙讛,41
讚讜讙讬转,41
讞讜祝 讻讜专住讬,41
诇讘谞讜谉,41
讞诇讜拽讬诐,41
讗诇讬驻讝 讜诪讻专讜转 转诪谞注,40
诇讜讟谉,39
讞讜祝 讙讜诇谉,39
爪讗诇讜谉,39
讬讟讘转讛,38
讙讘注讜转 讙讜专诇,38
诪诪砖讬转,37
驻讗专谉,37
住诪专,37
住注讬讬讛-诪讜诇讚讛,36
讚谞讬讗诇,36
讬讛诇,36
砖讞专讜转,36
爪讜诪转 讚讘讬专讛,36
爪讜拽讬诐,36
转拽讜诪讛 讜讞讜讜转 讬讝专注诐,35
讙专讜驻讬转,35
谞讗讜转 住诪讚专,35
拽讟讜专讛,35
砖讬讟讬诐,35
讗讝讜专 转注砖讬讬讛 爪讘讗讬诐,35
讘讬转 住讜讛专 砖讬讟讛 讜讙诇讘讜注,35
住驻讬专,34
谞讜讜讛 讞专讬祝,33
讗讜专讜谉 转注砖讬讬讛 讜诪住讞专,33
讘专讞讘讬 讛讗专抓,33
注讬谉 讬讛讘,32
爪讜驻专,30
讬讛讜讚-诪讜谞讜住讜谉,28
注讬专 讗讜讘讜转,27
砖讚讛 讗讘专讛诐,23
讞讜讜转 砖讬拽诪讬诐,21
讛专 讛谞讙讘,20
注讘讚转,20
讞讜祝 谞讬爪谞讬诐,18
讘讬转 住讜讛专 谞驻讞讗,17
拽爪专-讗-住讬专,16
讞讬-讘专 讬讟讘转讛,15
讞讜讜转 讬讝专注诐,14
讻讜砖讬 专诪讜谉,10
讞讜讜转 注专谞讚诇,10
谞讜祝 讗讬讬诇讜谉 (讗讝讜专 讛转专注讛 讬砖谉),10
砖注诇讘讬诐 (讗讝讜专 讛转专注讛 讬砖谉),10
诪诇讜谉 住讬拽住 住谞住住 砖讞专讜转,9
讞谞讬讜谉 讛谞转讬讘 诪讛讬专 (讗讝讜专 讛转专注讛 讬砖谉),9
讗讘讜-讙讜砖,8
住讬谞诪讛 住讬讟讬 讙诇讬诇讜转 (讗讝讜专 讛转专注讛 讬砖谉),8
注砖讗讛诇,7
砖讛诐,6
讞讘专讜谉,5
讛专-讞诇讜抓,4
讻讬住专讗 住诪讬注,4
讬谞讜讞-讙'转,3
讘讬转 讞讙讬,3
讬注祝 (讗讝讜专 讛转专注讛 讬砖谉),3
讻驻专 讬注讘抓 (讗讝讜专 讛转专注讛 讬砖谉),3
讗讝讜专 转注砖讬讬讛 讟讬专讛 (讗讝讜专 讛转专注讛 讬砖谉),3
拽专讬讬转 讟讘注讜谉-讘讬转 讝讬讬讚,2
讗讝讜专 转注砖讬讬讛 爪诪讞,2
谞注讜专讛,2
'讘讬专 讛讚讗讙,2
讞讜讜转 砖讚讛 讘专,2
讘讚讬拽讛 砖拽讟讛 2,2
讘讚讬拽讛 驻谞讬诪讬转 4,2
讘讚讬拽讛 砖拽讟讛 1,2
讘讚讬拽讛 驻谞讬诪讬转 0,2
转专讙讬诇 注讜专祝 诇讗讜诪讬,2
讘讞诇拽 诪讛讗讝讜专讬诐 讘讗专抓,2
讗砖讚讜转 讬注拽讘 讗讬讞讜讚,1
讗砖讚讜转 讬注拽讘 诪讗讜讞讚,1
拽讚讬诪讛-爪讜专谉,1
讗诇-讞'讜讜讗诇讚 诪注专讘,1
讛诪讻诇诇讛 讛讗拽讚诪讬转 讻谞专转,1
讻驻专 讬住讬祝,1
